{
  "goods": [
    {
      "id": 1,
      "categoryId": 1,
      "title": "荣耀9X",
      "feature": "麒麟810 4000mAh续航 4800万超清夜拍 6.59英寸升降全面屏 全网通6GB+64GB 魅海蓝",
      "price": 1299,
      "goodcomment": "97%",
      "poster": "/images/1/poster.jpg",
      "slides": [
        "/images/1/detail_1.jpg",
        "/images/1/detail_2.jpg",
        "/images/1/detail_3.jpg"
      ],
      "desc": [
        "https://img30.360buyimg.com/sku/jfs/t1/69575/32/11798/397448/5d91726bE68337be7/09ff27589b478944.jpg!q70.dpg.webp",
        "https://img14.360buyimg.com/imgzone/jfs/t1/153531/27/9718/311964/5fd5c328Ec679755c/8b9e301899a7f2e1.jpg!q70.dpg.webp",
        "https://img14.360buyimg.com/imgzone/jfs/t1/144687/33/18440/367218/5fd5c328Ef7bc09fa/459b86b36306a733.jpg!q70.dpg.webp",
        "https://img10.360buyimg.com/imgzone/jfs/t1/139144/40/18254/354914/5fd5c328Ec7a16d00/b42ec5c44b944cb7.jpg!q70.dpg.webp",
        "https://img20.360buyimg.com/imgzone/jfs/t1/134203/21/19785/676258/5fd5c329E13899965/0e17a42a467ae4c0.jpg!q70.dpg.webp",
        "https://img12.360buyimg.com/imgzone/jfs/t1/134017/13/19697/308604/5fd5c329E330e41d6/b799a1a2617041c6.jpg!q70.dpg.webp",
        "https://img30.360buyimg.com/imgzone/jfs/t1/156903/7/218/410824/5fd5c329E94897105/8667839da4466863.jpg!q70.dpg.webp",
        "https://img30.360buyimg.com/sku/jfs/t1/52369/26/11663/224322/5d8971b3E7d9ea037/693a28580b94aacf.jpg!q70.dpg.webp",
        "https://img30.360buyimg.com/sku/jfs/t1/58656/36/11699/222956/5d8971b3E7d55b031/9ab455076539328b.jpg!q70.dpg.webp",
        "https://img14.360buyimg.com/imgzone/jfs/t1/150040/27/18323/445956/5fd5c329E1b355bf7/f6fe656c22bb34c7.jpg!q70.dpg.webp",
        "https://img30.360buyimg.com/imgzone/jfs/t1/149658/8/18330/266025/5fd5c329E716ac66e/d042946744afafa5.jpg!q70.dpg.webp",
        "https://img10.360buyimg.com/imgzone/jfs/t1/149699/32/18219/361180/5fd5c329E5f0372d1/411ca86b36641ee8.jpg!q70.dpg.webp",
        "https://img30.360buyimg.com/sku/jfs/t1/45753/7/11572/301389/5d8971b3E9a00b918/f91be2fc00ab924d.jpg!q70.dpg.webp",
        "https://img30.360buyimg.com/sku/jfs/t1/79333/3/11078/617826/5d8971b4Ef47adf91/60fd66445ee1c81b.jpg!q70.dpg.webp",
        "https://img13.360buyimg.com/imgzone/jfs/t1/146240/10/18321/303735/5fd5c329E10a65015/4b04f5e7c78fbcf9.jpg!q70.dpg.webp",
        "https://img12.360buyimg.com/imgzone/jfs/t1/146977/15/18263/159735/5fd5c329Ef695df2b/dc0975fc9b305d7a.jpg!q70.dpg.webp",
        "https://img13.360buyimg.com/imgzone/jfs/t1/138804/29/18124/189249/5fd5c329E2e7ee295/a4d15d9b1d5860ab.jpg!q70.dpg.webp",
        "https://img10.360buyimg.com/imgzone/jfs/t1/140257/29/18196/362871/5fd5c329Ee3f051cc/83ad014534bcf17b.jpg!q70.dpg.webp",
        "https://img13.360buyimg.com/imgzone/jfs/t1/150634/2/10574/971054/5fd5c32aE1632280c/7628ebdb6185a9d0.jpg!q70.dpg.webp",
        "https://img13.360buyimg.com/imgzone/jfs/t1/150119/6/18140/342801/5fd5c329Ea251543a/7fac4ef6010b9843.jpg!q70.dpg.webp"
      ]
    },
    {
      "id": 2,
      "title": "小米（MI） Redmi 8A",
      "categoryId": 4,
      "feature": "超长续航 震撼大音量 AI人脸解锁",
      "price": 749,
      "goodcomment": "98%",
      "poster": "/images/2/poster.jpg",
      "slides": [
        "/images/2/detail_1.jpg",
        "/images/2/detail_2.jpg",
        "/images/2/detail_3.jpg"
      ],
      "desc": [
        "https://img30.360buyimg.com/popWaterMark/jfs/t1/58207/26/13553/32768/5da59bb6E91cf0439/b3bb726538b23a61.jpg!q70.dpg.webp",
        "https://img30.360buyimg.com/popWaterMark/jfs/t1/90116/28/23/56251/5da59bb6E18b13275/2e8cecf760512601.jpg!q70.dpg.webp",
        "https://img30.360buyimg.com/popWaterMark/jfs/t1/57467/37/13564/63623/5da59bb6E39fcb1d0/cf114e6aafa82495.jpg!q70.dpg.webp",
        "https://img30.360buyimg.com/popWaterMark/jfs/t1/94974/10/8/73719/5da59bb7Ed1253ac4/cac1918207394eba.jpg!q70.dpg.webp",
        "https://img30.360buyimg.com/popWaterMark/jfs/t1/60949/33/13141/30726/5da59bb7E2481f533/b62b8507eaa49c3e.jpg!q70.dpg.webp",
        "https://img30.360buyimg.com/popWaterMark/jfs/t1/77391/15/13143/64523/5da59bb7E6936e1da/fa522355ae3d5ff0.jpg!q70.dpg.webp",
        "https://img30.360buyimg.com/popWaterMark/jfs/t1/62727/40/13092/80856/5da59bb7Ec5f60d91/d194ca59883bd507.jpg!q70.dpg.webp",
        "https://img30.360buyimg.com/popWaterMark/jfs/t1/89480/12/25/72595/5da59bb7E9a608475/14c4c3b6f6d5789b.jpg!q70.dpg.webp",
        "https://img30.360buyimg.com/popWaterMark/jfs/t1/74435/32/12997/33746/5da59bb7E7ac76d54/ed04a895c6f3a3d2.jpg!q70.dpg.webp",
        "https://img30.360buyimg.com/popWaterMark/jfs/t1/59273/6/13293/56983/5da59bb7E69f76ba4/2a7be4e4b77e4bfa.jpg!q70.dpg.webp",
        "https://img30.360buyimg.com/popWaterMark/jfs/t1/47769/7/13752/38097/5da59bb7E830f5bab/3f0f27ab74afd6dc.jpg!q70.dpg.webp",
        "https://img30.360buyimg.com/popWaterMark/jfs/t1/79649/14/13184/116152/5da59bb8Ec1eb107c/297a4e65b99b719b.jpg!q70.dpg.webp",
        "https://img30.360buyimg.com/popWaterMark/jfs/t1/50664/18/13735/170848/5da59bb8E1b63fb72/8cf09dafec714677.jpg!q70.dpg.webp",
        "https://img30.360buyimg.com/popWaterMark/jfs/t1/101891/39/15/50924/5da59bb8E3ac8efd8/375c9d054eaee78b.jpg!q70.dpg.webp",
        "https://img30.360buyimg.com/popWaterMark/jfs/t1/53927/9/13710/45155/5da59bb8Eca6338db/c066267eb07333c2.jpg!q70.dpg.webp",
        "https://img30.360buyimg.com/popWaterMark/jfs/t1/65808/22/13083/28053/5da59bb8E9b30ec87/bafb3c86ecfce4e5.jpg!q70.dpg.webp",
        "https://img30.360buyimg.com/popWaterMark/jfs/t1/63555/22/13380/87580/5da59bb8E6f8f0020/7d141f0f5828252d.jpg!q70.dpg.webp",
        "https://img30.360buyimg.com/popWaterMark/jfs/t1/95433/25/18/27253/5da59bb8Ee051c8c4/66edd7ae2169ae73.jpg!q70.dpg.webp",
        "https://img30.360buyimg.com/popWaterMark/jfs/t1/60032/5/13290/108002/5da59bb8Ea059bc37/1d4ae23138595096.jpg!q70.dpg.webp",
        "https://img30.360buyimg.com/popWaterMark/jfs/t1/55548/29/13595/147649/5da59bb8E44b14575/ce4a9ece9fca2c37.jpg!q70.dpg.webp",
        "https://img30.360buyimg.com/popWaterMark/jfs/t1/57418/29/13707/29410/5da59bc3E08cbdf6e/f8ba6438f9ecc5cf.jpg!q70.dpg.webp",
        "https://img30.360buyimg.com/popWaterMark/jfs/t1/101892/36/22/93019/5da59bc3E31e1bd5e/c6fc3042c04d2d7a.jpg!q70.dpg.webp",
        "https://img30.360buyimg.com/popWaterMark/jfs/t1/68252/25/12866/43373/5da59bc3Ec4d018cf/e46ec6cda621d56a.jpg!q70.dpg.webp",
        "https://img30.360buyimg.com/popWaterMark/jfs/t1/62209/26/13022/93625/5da59bc3Ec090d409/7c7621ee4dacb442.jpg!q70.dpg.webp",
        "https://img30.360buyimg.com/popWaterMark/jfs/t1/63103/25/13088/34213/5da59bc3E31fa4654/2fdfac199ec1a899.jpg!q70.dpg.webp",
        "https://img30.360buyimg.com/popWaterMark/jfs/t1/55648/6/13696/54137/5da59bc3E60e49c54/fd3093297e036459.jpg!q70.dpg.webp",
        "https://img30.360buyimg.com/popWaterMark/jfs/t1/56290/18/13627/95461/5da59bc3E88859e36/dbcc25e44f146d35.jpg!q70.dpg.webp",
        "https://img30.360buyimg.com/popWaterMark/jfs/t1/92659/13/19/60725/5da59bc3E3615a552/f879b4d23a27f7d7.jpg!q70.dpg.webp",
        "https://img30.360buyimg.com/popWaterMark/jfs/t1/105967/17/17/129637/5da59bc3E86688b04/d0bd19b05a74c7b1.jpg!q70.dpg.webp",
        "https://img30.360buyimg.com/popWaterMark/jfs/t1/97719/30/18/164495/5da59bc4Ef548939a/f2b68e8f9a626a13.jpg!q70.dpg.webp"
      ]
    },
    {
      "id": 3,
      "title": "三星 Galaxy S20+",
      "categoryId": 7,
      "feature": "5G(SM-G9860)双模5G 骁龙865 120Hz超感屏 8K视频 游戏手机 12GB+128GB 幻游黑",
      "price": 7999,
      "goodcomment": "98%",
      "poster": "/images/3/poster.jpg",
      "slides": [
        "/images/3/detail_1.jpg",
        "/images/3/detail_2.jpg",
        "/images/3/detail_3.jpg"
      ],
      "desc": [
        "https://img20.360buyimg.com/imgzone/jfs/t1/124418/12/15111/143138/5f882dd4E277e481f/ffaab32da291244b.jpg!q70.dpg.webp",
        "https://img10.360buyimg.com/imgzone/jfs/t1/142881/3/10823/151552/5f882dd4Ee5359624/da9456ae70775ff9.jpg!q70.dpg.webp",
        "https://img13.360buyimg.com/imgzone/jfs/t1/149256/23/10750/158436/5f882dd4E6320f6c7/4f9509a5df8d4ede.jpg!q70.dpg.webp",
        "https://img14.360buyimg.com/imgzone/jfs/t1/126336/13/14985/241276/5f882dd4E88e86bea/248a4895e33eae9d.jpg!q70.dpg.webp",
        "https://img13.360buyimg.com/imgzone/jfs/t1/150189/38/10912/199819/5f882dd4E2192ffd5/e99c20ac3fa564b7.jpg!q70.dpg.webp",
        "https://img30.360buyimg.com/imgzone/jfs/t1/142286/8/11042/381821/5f882dd5Ec85bb314/fb1db01f995f1b6e.jpg!q70.dpg.webp",
        "https://img13.360buyimg.com/imgzone/jfs/t1/153274/20/2335/61966/5f882dd5E76e5e17b/4f747770e97395ad.jpg!q70.dpg.webp",
        "https://img13.360buyimg.com/imgzone/jfs/t1/140471/22/10800/206902/5f882dd5E793aec91/3a484558cc94cf03.jpg!q70.dpg.webp",
        "https://img14.360buyimg.com/imgzone/jfs/t1/115998/20/20032/220637/5f882dd5Eba7869cd/042a60452f17c2e4.jpg!q70.dpg.webp",
        "https://img12.360buyimg.com/imgzone/jfs/t1/146341/34/10892/208115/5f882dd5E979b0525/f292d7c083024607.jpg!q70.dpg.webp",
        "https://img10.360buyimg.com/imgzone/jfs/t1/141992/21/10952/258202/5f882dd5Ec521baa0/f07e81d27558e879.jpg!q70.dpg.webp",
        "https://img10.360buyimg.com/imgzone/jfs/t1/139616/32/10901/41528/5f882dd5E5cf3d252/390d399e86c0e3fd.jpg!q70.dpg.webp",
        "https://img12.360buyimg.com/imgzone/jfs/t1/119511/12/18859/202698/5f882dd6Eb1673b15/02367d99137d984b.jpg!q70.dpg.webp",
        "https://img13.360buyimg.com/imgzone/jfs/t1/127899/1/15016/193843/5f882dd6E61cf21aa/94a8ac466ac677a3.jpg!q70.dpg.webp",
        "https://img14.360buyimg.com/imgzone/jfs/t1/134461/8/12250/201556/5f882dd6Ef38c0a24/2013c74c81332412.jpg!q70.dpg.webp",
        "https://img12.360buyimg.com/imgzone/jfs/t1/147952/33/10843/169448/5f882dd6E6537b189/f97351449ed63fe6.jpg!q70.dpg.webp",
        "https://img10.360buyimg.com/imgzone/jfs/t1/135926/39/12389/223384/5f882dd6E15e5b8a0/d60666789cc961bf.jpg!q70.dpg.webp",
        "https://img12.360buyimg.com/imgzone/jfs/t1/125736/38/14750/262893/5f882dd6E526c8614/4a2431d5d5111da5.jpg!q70.dpg.webp"
      ]
    },
    {
      "id": 4,
      "title": "荣耀20S",
      "categoryId": 1,
      "feature": "3200万人像超级夜景 4800万超广角AI三摄 麒麟810 全网通版8GB+128GB 蝶羽白",
      "price": 1999,
      "goodcomment": "97%",
      "poster": "/images/4/poster.jpg",
      "slides": [
        "/images/4/detail_1.jpg",
        "/images/4/detail_2.jpg",
        "/images/4/detail_3.jpg"
      ],
      "desc": [
        "https://img30.360buyimg.com/popWareDetail/jfs/t1/115096/1/8799/109836/5ed4911fE253ddbda/98625ebb9535576c.jpg!q70.dpg.webp",
        "https://img30.360buyimg.com/popWareDetail/jfs/t1/117532/12/8902/171267/5ed4911fE6547afd3/b5a2b720bc823271.jpg!q70.dpg.webp",
        "https://img30.360buyimg.com/popWareDetail/jfs/t1/124668/26/3637/61222/5ed4911fEce344f1b/f08e369a64d29562.jpg!q70.dpg.webp",
        "https://img30.360buyimg.com/popWareDetail/jfs/t1/112417/12/9106/31591/5ed49120E94c6a393/dbdbc548a206ea76.jpg!q70.dpg.webp",
        "https://img30.360buyimg.com/popWareDetail/jfs/t1/111282/24/8981/94099/5ed49120Ecbc2049e/84074088e58a4e0d.jpg!q70.dpg.webp",
        "https://img30.360buyimg.com/popWareDetail/jfs/t1/116433/6/8965/84208/5ed49120E54647711/a5edaf1ac48d0607.jpg!q70.dpg.webp",
        "https://img30.360buyimg.com/popWareDetail/jfs/t1/112903/40/8943/93863/5ed49120E3a4cfc56/57505783226bf31a.jpg!q70.dpg.webp",
        "https://img30.360buyimg.com/popWareDetail/jfs/t1/131034/7/986/125130/5ed49120E7d7665a6/af70a934923c8425.jpg!q70.dpg.webp",
        "https://img30.360buyimg.com/popWareDetail/jfs/t1/114953/7/9002/111822/5ed49120Ef3222933/e3df784f5fdf6df2.jpg!q70.dpg.webp",
        "https://img30.360buyimg.com/popWareDetail/jfs/t1/131406/36/1000/92123/5ed49120E9e6357a1/c4648544c424f97d.jpg!q70.dpg.webp",
        "https://img12.360buyimg.com/imgzone/jfs/t1/131467/34/16553/181084/5fb76370Edd473436/032b2305a407e345.jpg!q70.dpg.webp",
        "https://img10.360buyimg.com/imgzone/jfs/t1/140747/10/15249/66964/5fb76374E827c856c/bd5c8c9b496e1696.jpg!q70.dpg.webp",
        "https://img13.360buyimg.com/imgzone/jfs/t1/152892/28/6570/191331/5fb76378E7ad8ad07/f1071724d2cfac61.jpg!q70.dpg.webp",
        "https://img13.360buyimg.com/imgzone/jfs/t1/130082/21/16601/64294/5fb76380E93638877/7b6d36b42b29b836.jpg!q70.dpg.webp",
        "https://img14.360buyimg.com/imgzone/jfs/t1/130800/21/16825/144261/5fb76384Ee285c109/5932b4f9e84544c4.jpg!q70.dpg.webp",
        "https://img12.360buyimg.com/imgzone/jfs/t1/145280/11/15222/181532/5fb76387E2f042956/25147e1e318ebd7d.jpg!q70.dpg.webp",
        "https://img10.360buyimg.com/imgzone/jfs/t1/135632/21/16521/144269/5fb7638aE6ef71c4e/f927ccdf6bf5b26a.jpg!q70.dpg.webp",
        "https://img13.360buyimg.com/imgzone/jfs/t1/140544/22/14926/131694/5fb7638fE253ab4cd/70c47f174e25710e.jpg!q70.dpg.webp",
        "https://img14.360buyimg.com/imgzone/jfs/t1/123035/36/19505/173130/5fb76396E9f80eea4/e166f463664cbbcb.jpg!q70.dpg.webp",
        "https://img10.360buyimg.com/imgzone/jfs/t1/136732/38/16610/142508/5fb7639cE696f5162/6b115abb6b5e2feb.jpg!q70.dpg.webp",
        "https://img12.360buyimg.com/imgzone/jfs/t1/130136/12/16834/94177/5fb763a3E84260eac/fff54144c618a444.jpg!q70.dpg.webp",
        "https://img14.360buyimg.com/imgzone/jfs/t1/149994/28/15180/56125/5fb763abE398d54f6/f5998245c0de1253.jpg!q70.dpg.webp",
        "https://img13.360buyimg.com/imgzone/jfs/t1/138899/19/15145/159275/5fb763baE3a77f262/0b25e9bb45fa554b.jpg!q70.dpg.webp",
        "https://img30.360buyimg.com/popWareDetail/jfs/t1/148040/25/14914/173555/5fb763d5E7c93e2bf/d28e08d805f9b99a.jpg!q70.dpg.webp",
        "https://img30.360buyimg.com/popWareDetail/jfs/t1/127017/2/19329/110459/5fb763d9Ebe914283/095ae15729c24a97.jpg!q70.dpg.webp",
        "https://img30.360buyimg.com/popWareDetail/jfs/t1/153196/21/6583/152425/5fb763ddEe81fd854/49b2081a5ec5c345.jpg!q70.dpg.webp",
        "https://img30.360buyimg.com/popWareDetail/jfs/t1/144172/6/15111/107240/5fb763e0E32d7a876/8fdcd94f4c7a196e.jpg!q70.dpg.webp",
        "https://img12.360buyimg.com/imgzone/jfs/t1/130171/20/16696/164450/5fb76406E305c9458/775265cd2e1bb867.jpg!q70.dpg.webp",
        "https://img14.360buyimg.com/imgzone/jfs/t1/147243/34/15113/87666/5fb76409E1e92368c/076a993434d7b221.jpg!q70.dpg.webp",
        "https://img10.360buyimg.com/imgzone/jfs/t1/132875/32/16603/85297/5fb5d97fEa7e42524/bc4b0f80a4fbd168.jpg!q70.dpg.webp",
        "https://img13.360buyimg.com/imgzone/jfs/t1/145429/29/15031/114857/5fb5d97fE284b6e90/b503c6106308d82b.jpg!q70.dpg.webp",
        "https://img12.360buyimg.com/imgzone/jfs/t1/122413/1/19205/167576/5fb5d97fEb950d589/b4eb7847907493cd.jpg!q70.dpg.webp",
        "https://img14.360buyimg.com/imgzone/jfs/t1/133009/8/16292/125301/5fb5d980E6ac79b3f/ccf2058eb524f299.jpg!q70.dpg.webp",
        "https://img20.360buyimg.com/imgzone/jfs/t1/131479/16/16289/117299/5fb5d980Ef0cc747d/9aa3a8045e4e8dd2.jpg!q70.dpg.webp"
      ]
    },
    {
      "id": 5,
      "title": "荣耀20青春版",
      "categoryId": 1,
      "feature": "AMOLED屏幕指纹 4000mAh大电池 20W快充 4800万 手机 6GB+64GB 冰岛幻境",
      "price": 1199,
      "goodcomment": "97%",
      "poster": "/images/5/poster.jpg",
      "slides": [
        "/images/5/detail_1.jpg",
        "/images/5/detail_2.jpg",
        "/images/5/detail_3.jpg"
      ],
      "desc": [
        "https://img30.360buyimg.com/popWareDetail/jfs/t1/137242/38/9168/117882/5f5370e0Eb2b0cb39/d254d7bf9cda8cfb.jpg!q70.dpg.webp",
        "https://img30.360buyimg.com/popWareDetail/jfs/t1/169015/25/5754/89930/601d1cd3Effeeba59/ff59f7e00da12f9f.jpg!q70.dpg.webp",
        "https://img10.360buyimg.com/imgzone/jfs/t1/50121/24/14194/88349/5daef68cE7e4e252b/5a7577b2d8deb973.jpg!q70.dpg.webp",
        "https://img13.360buyimg.com/imgzone/jfs/t1/46909/7/14275/54965/5daef68cE95753d4c/01ddfc29c493ac95.jpg!q70.dpg.webp",
        "https://img20.360buyimg.com/imgzone/jfs/t1/57573/5/14041/98989/5daef68cE92f08c82/84a1d9d1042412ed.jpg!q70.dpg.webp",
        "https://img10.360buyimg.com/imgzone/jfs/t1/68844/12/13696/97271/5daef68cEa47b52c2/e15042c623d9738d.jpg!q70.dpg.webp",
        "https://img14.360buyimg.com/imgzone/jfs/t1/65634/7/13750/95166/5daef68cEbdf59828/8de3209904c84af6.jpg!q70.dpg.webp",
        "https://img12.360buyimg.com/imgzone/jfs/t1/74691/33/13511/77859/5daef68cEff9031e3/56d8700faf23c57e.jpg!q70.dpg.webp",
        "https://img12.360buyimg.com/imgzone/jfs/t1/74094/38/13488/42526/5daef68cE21565cea/3d7d908ddfd4772d.jpg!q70.dpg.webp",
        "https://img10.360buyimg.com/imgzone/jfs/t1/95719/19/472/133987/5daef68cEdd4194f8/f1eaf4b87be09e33.jpg!q70.dpg.webp",
        "https://img30.360buyimg.com/popWareDetail/jfs/t1/168351/13/5581/143362/601d1ceaE54978e86/5aafa8076341c65c.jpg!q70.dpg.webp",
        "https://img10.360buyimg.com/imgzone/jfs/t1/55508/35/14053/149427/5daef68cE22305404/71fe608ebed12d0b.jpg!q70.dpg.webp",
        "https://img30.360buyimg.com/popWareDetail/jfs/t1/153527/39/17008/108010/601d1d01E7507f7f3/8208cd7205166409.jpg!q70.dpg.webp",
        "https://img13.360buyimg.com/imgzone/jfs/t1/80950/39/13571/94056/5daef68cE4da402bf/d1de89276420d180.jpg!q70.dpg.webp",
        "https://img12.360buyimg.com/imgzone/jfs/t1/75323/40/13722/123125/5daef68dE22b98824/0c4d1fda893f0403.jpg!q70.dpg.webp",
        "https://img30.360buyimg.com/popWareDetail/jfs/t1/155283/36/17773/70862/601d1d33E4cd732d0/7c1889fe189bdae7.jpg!q70.dpg.webp",
        "https://img12.360buyimg.com/imgzone/jfs/t1/47777/36/14055/78799/5daef68cE0c894bf1/8fa0b2e761076b04.jpg!q70.dpg.webp",
        "https://img20.360buyimg.com/imgzone/jfs/t1/50635/28/14075/85349/5daef68cEc2837ab9/37eeb65658a37c39.jpg!q70.dpg.webp",
        "https://img13.360buyimg.com/imgzone/jfs/t1/84642/16/13513/125260/5daef68cE5aa65014/193253d6fedcde9f.jpg!q70.dpg.webp",
        "https://img12.360buyimg.com/imgzone/jfs/t1/68823/21/13496/107967/5daef68cE08241b7b/4d62d4cb371ab5da.jpg!q70.dpg.webp",
        "https://img13.360buyimg.com/imgzone/jfs/t1/157204/25/14184/287102/6054124cEdc187657/12943b261118061c.jpg!q70.dpg.webp",
        "https://img14.360buyimg.com/imgzone/jfs/t1/166104/20/13378/254883/6054124cE544e0ef0/54293ab53a68d645.jpg!q70.dpg.webp",
        "https://img12.360buyimg.com/imgzone/jfs/t1/161766/30/13582/450931/6054124cE651c4ef9/ab96ad4ba281e8c7.jpg!q70.dpg.webp",
        "https://img13.360buyimg.com/imgzone/jfs/t1/171307/35/13264/123887/6054124cE9a14ba7a/0342f3edc72ea37e.jpg!q70.dpg.webp"
      ]
    },
    {
      "id": 6,
      "title": "Apple iPhone 11",
      "categoryId": 3,
      "feature": "配备A13 Bionic,搭配4核心GPU",
      "price": 5999,
      "goodcomment": "95%",
      "poster": "/images/6/poster.jpg",
      "slides": [
        "/images/6/detail_1.jpg",
        "/images/6/detail_2.jpg",
        "/images/6/detail_3.jpg"
      ],
      "desc": [
        "https://img30.360buyimg.com/popWaterMark/jfs/t1/71646/10/11210/84515/5d889a14E90e68885/e61fae84c62195a9.jpg!q70.dpg.webp",
        "https://img30.360buyimg.com/popWareDetail/jfs/t1/144375/38/12170/76518/5f977d07Ebab02f9c/f5ddb9f70badef3a.png.webp",
        "https://img30.360buyimg.com/popWareDetail/jfs/t1/138235/10/1674/89374/5ef99f20E08fc65ce/46b8d521eca24f04.jpg!q70.dpg.webp",
        "https://img30.360buyimg.com/popWaterMark/jfs/t1/79377/24/9924/55398/5d789337E439bfbbd/b66924490fdbece1.jpg!q70.dpg.webp",
        "https://img30.360buyimg.com/popWareDetail/jfs/t1/140612/2/1675/65295/5ef99f7cE631a0fc8/ccc02a1bb85024f3.jpg!q70.dpg.webp",
        "https://img30.360buyimg.com/popWareDetail/jfs/t1/138399/40/1736/83056/5ef99fabEa6e089fa/56358c41d6b05208.jpg!q70.dpg.webp",
        "https://img30.360buyimg.com/popWareDetail/jfs/t1/147938/25/1611/148700/5ef99fd7Eb9773b10/a335785b06311fe3.jpg!q70.dpg.webp",
        "https://img30.360buyimg.com/popWaterMark/jfs/t1/44673/9/10280/100689/5d78933cE51740cdf/419a1b0363a54798.jpg!q70.dpg.webp",
        "https://img30.360buyimg.com/popWareDetail/jfs/t1/137131/35/3260/159806/5ef9a0bfE34c8457b/9c09731371d27c52.jpg!q70.dpg.webp",
        "https://img30.360buyimg.com/popWaterMark/jfs/t1/67240/20/9948/92556/5d78933fE042c5328/3bf61f26b9f2e4b6.jpg!q70.dpg.webp",
        "https://img30.360buyimg.com/popWaterMark/jfs/t1/51787/35/10357/205696/5d78933fEb7205bf8/93fd7bdf47e1019a.jpg!q70.dpg.webp",
        "https://img30.360buyimg.com/popWareDetail/jfs/t1/113926/14/11123/152612/5ef9a0f1E8c331a9a/f6f8cf97e67f9fb3.jpg!q70.dpg.webp",
        "https://img30.360buyimg.com/popWareDetail/jfs/t1/124865/35/5893/106578/5ef9a113E53d5c6c9/282e0e7b45ba7dd7.jpg!q70.dpg.webp",
        "https://img30.360buyimg.com/popWaterMark/jfs/t1/60922/6/10013/89399/5d789342Efffb1344/4a3fb1591bb41c04.jpg!q70.dpg.webp",
        "https://img30.360buyimg.com/popWareDetail/jfs/t1/126429/1/5922/81440/5ef9a16cE9829e5c1/076b911231d62f38.jpg!q70.dpg.webp",
        "https://img30.360buyimg.com/popWareDetail/jfs/t1/128042/22/5937/113384/5ef9a18aE97d17b8e/846d52353b40df09.jpg!q70.dpg.webp"
      ]
    },
    {
      "id": 7,
      "title": "vivo U3x",
      "categoryId": 5,
      "feature": "6GB+64GB 赤茶红 5000mAh大电池 18W双引擎闪充 超广角AI三摄 骁龙665处理器 全网通4G手机",
      "price": 999,
      "goodcomment": "97%",
      "poster": "/images/7/poster.jpg",
      "slides": [
        "/images/7/detail_1.jpg",
        "/images/7/detail_2.jpg",
        "/images/7/detail_3.jpg"
      ],
      "desc": [
        "https://img30.360buyimg.com/popWareDetail/jfs/t1/164337/38/13947/71838/6058a02eEc0c17bad/69f3002d6f9db1a2.jpg!q70.dpg.webp",
        "https://img30.360buyimg.com/popWareDetail/jfs/t1/160135/37/14539/15410/6058a038Ee161f5a4/b91f26f1742fa0e4.jpg!q70.dpg.webp",
        "https://img30.360buyimg.com/popWareDetail/jfs/t1/166456/27/13735/125254/6057389cEad67d5f9/1b070a40afecc699.jpg!q70.dpg.webp",
        "https://img30.360buyimg.com/popWareDetail/jfs/t1/162002/13/14097/55676/60572f40E6df95b9e/ac1b94046b5d73d8.jpg!q70.dpg.webp",
        "https://img30.360buyimg.com/popWareDetail/jfs/t1/165508/8/14040/70065/60572f47E928d73da/ef706f950b908134.jpg!q70.dpg.webp",
        "https://img30.360buyimg.com/popWareDetail/jfs/t1/170972/25/14017/221075/60572f4fEeae68013/01c5defc26a4cc4e.jpg!q70.dpg.webp",
        "https://img30.360buyimg.com/popWareDetail/jfs/t1/155705/20/17215/98668/60572f55Eca727a79/fd0b84f4492a89d0.jpg!q70.dpg.webp",
        "https://img30.360buyimg.com/popWareDetail/jfs/t1/163188/40/14610/277420/60572f5eEc39c4da0/85164c98b456ecd2.jpg!q70.dpg.webp",
        "https://img30.360buyimg.com/popWareDetail/jfs/t1/163177/16/13273/166172/60572f64Ea3da218c/60896232a66f2fdb.jpg!q70.dpg.webp",
        "https://img30.360buyimg.com/popWareDetail/jfs/t1/163227/37/13993/197184/60572f6bEa21679f1/db3e4d76d83381d0.jpg!q70.dpg.webp",
        "https://img30.360buyimg.com/popWareDetail/jfs/t1/158185/30/14267/140826/60572f72E67ead451/6c2a81a8ec9dfd12.jpg!q70.dpg.webp",
        "https://img30.360buyimg.com/popWareDetail/jfs/t1/163363/38/13872/229878/60572f78E59f801c8/0b3e038999b39376.jpg!q70.dpg.webp",
        "https://img30.360buyimg.com/popWareDetail/jfs/t1/156856/31/17440/159159/60572f80E57e32e63/b9e98803c485bd4b.jpg!q70.dpg.webp",
        "https://img30.360buyimg.com/popWareDetail/jfs/t1/155805/4/17330/66518/60572f86Ee4ea1629/b03df06ff6db9065.jpg!q70.dpg.webp",
        "https://img30.360buyimg.com/popWareDetail/jfs/t1/162344/25/14080/137225/60572f8cE236ae229/832396a9031f25da.jpg!q70.dpg.webp",
        "https://img30.360buyimg.com/popWareDetail/jfs/t1/165499/26/13577/155799/60572f94E2657e9bc/0fa8acf30ce8b4fe.jpg!q70.dpg.webp",
        "https://img30.360buyimg.com/popWareDetail/jfs/t1/165695/8/13136/151403/60572f9bE5d72304f/ea06631a2ff8f154.jpg!q70.dpg.webp",
        "https://img30.360buyimg.com/popWareDetail/jfs/t1/164246/6/14361/157704/60572fa2Eb9eb648e/d5c35aa0ad8a29c6.jpg!q70.dpg.webp",
        "https://img30.360buyimg.com/popWareDetail/jfs/t1/155947/30/17468/89592/60572fabE26c63967/903e9764bb005bcc.jpg!q70.dpg.webp",
        "https://img30.360buyimg.com/popWareDetail/jfs/t1/158573/10/14718/295600/60572fb2E752a1c23/208c84e13262a1c8.jpg!q70.dpg.webp",
        "https://img30.360buyimg.com/popWareDetail/jfs/t1/169517/5/13985/81420/60572fb9E6b3798e0/fe969523a9e11116.jpg!q70.dpg.webp"
      ]
    },
    {
      "id": 8,
      "title": "荣耀Play3",
      "categoryId": 1,
      "feature": "6.39英寸魅眼全视屏 4000mAh大电池 真4800万AI三摄 麒麟710F自研芯片 畅玩全网通6GB+64GB 幻夜黑",
      "price": 999,
      "goodcomment": "98%",
      "poster": "/images/8/poster.jpg",
      "slides": [
        "/images/8/detail_1.jpg",
        "/images/8/detail_2.jpg",
        "/images/8/detail_3.jpg"
      ],
      "desc": [
        "https://img30.360buyimg.com/popWareDetail/jfs/t1/138168/30/7925/15494/5f585dd5Ea544f952/e31dbe32c09d0c26.jpg!q70.dpg.webp",
        "https://img30.360buyimg.com/popWareDetail/jfs/t1/145118/21/3943/103208/5f1fc6b8E4b743829/64a20f1d34b30cee.gif",
        "https://img30.360buyimg.com/popWareDetail/jfs/t1/128740/36/14809/89074/5f867226E95bb324c/f9c03e68c6024797.jpg!q70.dpg.webp",
        "https://img30.360buyimg.com/popWareDetail/jfs/t1/154269/28/2149/137144/5f85856eEeb50ad89/51dd3d1d6f1fe92c.jpg!q70.dpg.webp",
        "https://img14.360buyimg.com/imgzone/jfs/t1/145938/28/10647/185222/5f858591E1edebd31/97547038986ff1ee.jpg!q70.dpg.webp",
        "https://img14.360buyimg.com/imgzone/jfs/t1/169856/4/9947/19590/604338a3E67915208/427aa1b0b4eaf418.jpg!q70.dpg.webp",
        "https://img30.360buyimg.com/popWareDetail/jfs/t1/108092/10/12524/123675/5e968af4Ea508c956/af6555fd22c7f12c.jpg!q70.dpg.webp",
        "https://img30.360buyimg.com/popWareDetail/jfs/t1/103565/13/18667/126522/5e968af5Ee338d3eb/75c5ba76c496e195.jpg!q70.dpg.webp",
        "https://img30.360buyimg.com/popWareDetail/jfs/t1/111852/21/1295/155543/5e968af5E0d7a1bbb/904b934bff6c9b7a.jpg!q70.dpg.webp",
        "https://img30.360buyimg.com/popWareDetail/jfs/t1/85432/21/18727/210389/5e968af9E04842622/72218077e937790d.jpg!q70.dpg.webp",
        "https://img30.360buyimg.com/popWareDetail/jfs/t1/115779/1/1329/151092/5e968afaE38de9cd6/a7f6c61bf8fc34c6.jpg!q70.dpg.webp",
        "https://img30.360buyimg.com/popWareDetail/jfs/t1/102910/11/18595/127805/5e968afaEbe824062/6c30d756adabd842.jpg!q70.dpg.webp",
        "https://img30.360buyimg.com/popWareDetail/jfs/t1/109752/36/12290/148818/5e968afaEc843e6fe/ac8ed1fffc18d814.jpg!q70.dpg.webp",
        "https://img30.360buyimg.com/popWareDetail/jfs/t1/112786/4/1279/185729/5e968afbE8d1247e3/7613be8cfe0f5bdf.jpg!q70.dpg.webp",
        "https://img30.360buyimg.com/popWareDetail/jfs/t1/100704/16/18634/137310/5e968afbEd1e01e34/03814e69dde6ab83.jpg!q70.dpg.webp",
        "https://img30.360buyimg.com/popWareDetail/jfs/t1/85120/30/18674/182564/5e968afbE69538e27/36dd6d781eee0062.jpg!q70.dpg.webp",
        "https://img30.360buyimg.com/popWareDetail/jfs/t1/85786/20/18526/141555/5e968afcE2fb43a2e/0adf0d4f6ae14323.jpg!q70.dpg.webp",
        "https://img30.360buyimg.com/popWareDetail/jfs/t1/95271/20/18746/182843/5e968afcE2a6ad652/17a9c83a2aec1164.jpg!q70.dpg.webp",
        "https://img30.360buyimg.com/popWareDetail/jfs/t1/116141/20/1281/140787/5e968afcEb1a80bac/68347b4f6c8870c8.jpg!q70.dpg.webp",
        "https://img30.360buyimg.com/popWareDetail/jfs/t1/95816/22/18827/107737/5e968afdE62c7e977/4014194edf3c7a9b.jpg!q70.dpg.webp",
        "https://img30.360buyimg.com/popWareDetail/jfs/t1/113360/21/1258/81393/5e968afdEfcdef610/31065da6dc240298.jpg!q70.dpg.webp",
        "https://img30.360buyimg.com/popWareDetail/jfs/t1/114951/15/1291/134124/5e968afdE97d8a8c9/098425b9d78cfbc6.jpg!q70.dpg.webp"
      ]
    },
    {
      "id": 9,
      "title": "小米（MI） Redmi Note8",
      "categoryId": 4,
      "feature": "品质小金刚 4800万四摄 骁龙665",
      "price": 899,
      "goodcomment": "97%",
      "poster": "/images/9/poster.jpg",
      "slides": [
        "/images/9/detail_1.jpg",
        "/images/9/detail_2.jpg",
        "/images/9/detail_3.jpg"
      ],
      "desc": [
        "https://img30.360buyimg.com/popWareDetail/jfs/t1/148471/29/1867/84083/5efd8879E2b91c62e/33814fbbe99bfa34.jpg!q70.dpg.webp",
        "https://img30.360buyimg.com/popWareDetail/jfs/t1/149734/2/1888/128590/5efd8879Ecab9bd3b/8578507931a5c515.jpg!q70.dpg.webp",
        "https://img30.360buyimg.com/popWareDetail/jfs/t1/122784/21/6104/106551/5efd8879Eeceb3071/e31246181f57c035.jpg!q70.dpg.webp",
        "https://img30.360buyimg.com/popWareDetail/jfs/t1/140185/12/1865/112610/5efd8879E9a05f2a4/44f7cf0117fc6e77.jpg!q70.dpg.webp",
        "https://img30.360buyimg.com/popWareDetail/jfs/t1/144776/17/1916/145610/5efd8879E595691a2/4f5f6044416896cb.jpg!q70.dpg.webp",
        "https://img30.360buyimg.com/popWareDetail/jfs/t1/134036/14/3467/127977/5efd8879E9db16931/e26a3b7a58841fb8.jpg!q70.dpg.webp",
        "https://img30.360buyimg.com/popWareDetail/jfs/t1/149225/35/1896/108900/5efd8879E2fe8807a/a06e217da69ab139.jpg!q70.dpg.webp",
        "https://img30.360buyimg.com/popWareDetail/jfs/t1/144232/16/1917/87245/5efd887aE072f9195/bbbf46f0f4de605f.jpg!q70.dpg.webp",
        "https://img30.360buyimg.com/popWareDetail/jfs/t1/138827/33/1866/124751/5efd887aE711edfb7/f5f7d0a6ae30ef1b.jpg!q70.dpg.webp",
        "https://img30.360buyimg.com/popWareDetail/jfs/t1/113874/5/11324/108298/5efd887aE95908a0a/fdcd79f40750380e.jpg!q70.dpg.webp",
        "https://img30.360buyimg.com/popWareDetail/jfs/t1/129337/2/6201/46413/5efd887aEcc333e1e/b10ec21170c8b8c1.jpg!q70.dpg.webp",
        "https://img30.360buyimg.com/popWareDetail/jfs/t1/124987/39/6069/96417/5efd887aE34ddfcd8/fc1ce68595baa87e.jpg!q70.dpg.webp",
        "https://img30.360buyimg.com/popWareDetail/jfs/t1/116217/23/11292/91000/5efd887bE360ab4cc/1e687e6239ae0c60.jpg!q70.dpg.webp",
        "https://img30.360buyimg.com/popWareDetail/jfs/t1/130923/7/3502/106257/5efd887bE3e63ce7d/089f8775a3913ec5.jpg!q70.dpg.webp",
        "https://img30.360buyimg.com/popWareDetail/jfs/t1/117161/24/11375/115067/5efd887bE009f5fca/166f4909263f48a7.jpg!q70.dpg.webp",
        "https://img30.360buyimg.com/popWareDetail/jfs/t1/130092/34/3429/100360/5efd887bE6eae5deb/4a51ebbc93554991.jpg!q70.dpg.webp",
        "https://img30.360buyimg.com/popWareDetail/jfs/t1/113352/33/11500/81591/5efd887bEa0a97b43/c018fa05f1fa54f8.jpg!q70.dpg.webp",
        "https://img30.360buyimg.com/popWareDetail/jfs/t1/144712/18/1906/79894/5efd887bE7ee6eb5a/42734f79a09dcfac.jpg!q70.dpg.webp",
        "https://img30.360buyimg.com/popWareDetail/jfs/t1/148443/34/1882/78560/5efd887bE0f8232d5/f695593ac577a203.jpg!q70.dpg.webp",
        "https://img30.360buyimg.com/popWareDetail/jfs/t1/131761/22/3437/138803/5efd887cEcadd6bb8/94cab2e65dab4195.jpg!q70.dpg.webp",
        "https://img30.360buyimg.com/imgzone/jfs/t1/116055/18/11399/36124/5efd88a7Ee71ab817/b7c7dda1ed956189.jpg!q70.dpg.webp",
        "https://img13.360buyimg.com/imgzone/jfs/t1/137999/12/1871/72795/5efd88a7Efa6d879c/1c62d6a340a0edb8.jpg!q70.dpg.webp"
      ]
    },
    {
      "id": 10,
      "title": "华为 HUAWEI Mate 30",
      "categoryId": 2,
      "feature": "5G 麒麟990 4000万超感光徕卡影像双超级快充8GB+128GB亮黑色5G全网通游戏手机",
      "price": 4499,
      "goodcomment": "97%",
      "poster": "/images/10/poster.jpg",
      "slides": [
        "/images/10/detail_1.jpg",
        "/images/10/detail_2.jpg",
        "/images/10/detail_3.jpg"
      ],
      "desc": [
        "https://img30.360buyimg.com/popWareDetail/jfs/t1/161113/10/14379/15171/60599e19E43362325/b89be5f354c6920c.jpg!q70.dpg.webp",
        "https://img30.360buyimg.com/popWareDetail/jfs/t1/169746/18/14458/121047/60599e22E59051630/65cde581b79f77bd.jpg!q70.dpg.webp",
        "https://img10.360buyimg.com/imgzone/jfs/t1/130005/40/14704/177687/5fa2529aE5628b166/731b9fc7ba1f2d23.jpg!q70.dpg.webp",
        "https://img12.360buyimg.com/imgzone/jfs/t1/154400/35/4668/172474/5fa2529bEb5c9780a/1b782decab12d37a.jpg!q70.dpg.webp",
        "https://img14.360buyimg.com/imgzone/jfs/t1/150138/34/13080/108870/5fa2529aEf374c4db/b56dcf75bba1a398.jpg!q70.dpg.webp",
        "https://img13.360buyimg.com/imgzone/jfs/t1/131800/13/14740/144789/5fa2529bE5503c2c6/4e35f7600c4a85ee.jpg!q70.dpg.webp",
        "https://img30.360buyimg.com/popWareDetail/jfs/t1/158519/14/15142/159327/60599e36Efbbde24f/925e00a59e8ada3f.jpg!q70.dpg.webp",
        "https://img30.360buyimg.com/imgzone/jfs/t1/135462/36/14835/152660/5fa2529eEe101eb72/385407177247505c.jpg!q70.dpg.webp",
        "https://img10.360buyimg.com/imgzone/jfs/t1/145028/15/13076/81708/5fa2529dE28651ce0/0c95481b7cb27f05.jpg!q70.dpg.webp",
        "https://img13.360buyimg.com/imgzone/jfs/t1/144075/25/13107/155796/5fa2529eE164fa72d/e6b1ec040a14993e.jpg!q70.dpg.webp",
        "https://img13.360buyimg.com/imgzone/jfs/t1/133319/10/14702/95403/5fa2529eE2547a590/99e4583c3184699c.jpg!q70.dpg.webp",
        "https://img10.360buyimg.com/imgzone/jfs/t1/152744/15/4670/73269/5fa2529fE2124965d/500949d253edaa6a.jpg!q70.dpg.webp",
        "https://img13.360buyimg.com/imgzone/jfs/t1/152965/1/4627/55609/5fa2529fE0b370753/7e7b943fcc6fc5f2.jpg!q70.dpg.webp",
        "https://img12.360buyimg.com/imgzone/jfs/t1/125229/20/17382/67084/5fa2529fEcffd6978/b0039c503b8ba6c6.jpg!q70.dpg.webp",
        "https://img10.360buyimg.com/imgzone/jfs/t1/130967/6/14654/95648/5fa252a0Ede270880/9d84455228c76e26.jpg!q70.dpg.webp",
        "https://img10.360buyimg.com/imgzone/jfs/t1/130373/20/14577/117748/5fa2529fEf6b4155f/7046626000a0ef3f.jpg!q70.dpg.webp",
        "https://img10.360buyimg.com/imgzone/jfs/t1/136480/5/14732/105313/5fa252a0Ed80106c9/491c2970f603d374.jpg!q70.dpg.webp",
        "https://img30.360buyimg.com/sku/jfs/t1/137995/8/11710/194623/5f917ecaE051421c1/6175ab13e43bdab6.jpg!q70.dpg.webp",
        "https://img30.360buyimg.com/sku/jfs/t1/138316/30/11621/191737/5f917ecaE9e7e32a3/45ad808a8ecd0650.jpg!q70.dpg.webp",
        "https://img30.360buyimg.com/sku/jfs/t1/124813/5/15980/189460/5f917ecaE997002a3/2264a43105ed6ba9.jpg!q70.dpg.webp",
        "https://img30.360buyimg.com/sku/jfs/t1/125347/35/15807/192701/5f917ecbE9e29a1ac/6516cc60e2d5065e.jpg!q70.dpg.webp",
        "https://img30.360buyimg.com/sku/jfs/t1/151212/20/4022/192135/5f917ecaE1162d524/40d2d3070d485edb.jpg!q70.dpg.webp",
        "https://img30.360buyimg.com/sku/jfs/t1/145265/28/11772/193604/5f917ecbEa06fea69/e4f009492bad4b8d.jpg!q70.dpg.webp",
        "https://img30.360buyimg.com/sku/jfs/t1/130163/40/13339/194933/5f917ecbEdf51c2e9/5680cba5e7ab0132.jpg!q70.dpg.webp",
        "https://img30.360buyimg.com/sku/jfs/t1/127878/4/15689/187017/5f917ecaEb06db287/ee697e8edd700eed.jpg!q70.dpg.webp",
        "https://img30.360buyimg.com/sku/jfs/t1/138526/12/11706/189653/5f917ecaE8d380192/71762688f493f1ee.jpg!q70.dpg.webp",
        "https://img30.360buyimg.com/sku/jfs/t1/150623/40/4029/192914/5f917ecbE57fa3cdf/11c0e4e6bb7dfe27.jpg!q70.dpg.webp",
        "https://img30.360buyimg.com/sku/jfs/t1/130915/30/13349/195401/5f917ecbE98eaf962/b8d9369c6753adcb.jpg!q70.dpg.webp",
        "https://img30.360buyimg.com/sku/jfs/t1/139515/6/11728/193315/5f917ecaE61bc3c0f/2c302520c8dccef3.jpg!q70.dpg.webp",
        "https://img30.360buyimg.com/sku/jfs/t1/148362/5/11665/191337/5f917ecaEc3d22fcc/caf646614ffb07b6.jpg!q70.dpg.webp",
        "https://img30.360buyimg.com/sku/jfs/t1/127649/39/15780/192899/5f917ecbEbff58bb0/76755b308a158b76.jpg!q70.dpg.webp",
        "https://img30.360buyimg.com/sku/jfs/t1/148857/22/11572/189320/5f917ecaEdd6074c9/b2749e5f4c29ffc9.jpg!q70.dpg.webp",
        "https://img30.360buyimg.com/sku/jfs/t1/138729/2/11823/191078/5f917ecaE7d1c6ee7/0ee0a630d49b2dad.jpg!q70.dpg.webp",
        "https://img30.360buyimg.com/sku/jfs/t1/122444/5/15997/190842/5f917ecbE3baf3884/f301276d5f2f09be.jpg!q70.dpg.webp",
        "https://img30.360buyimg.com/sku/jfs/t1/123267/16/15981/190519/5f917ecaE57712975/6edee7bd71aa747a.jpg!q70.dpg.webp",
        "https://img30.360buyimg.com/sku/jfs/t1/149076/10/11664/194768/5f917ecaEa95036d4/646161923ea8699f.jpg!q70.dpg.webp",
        "https://img30.360buyimg.com/sku/jfs/t1/136945/30/12932/68189/5f917ec9E93d4693e/52784e4247f5cb36.jpg!q70.dpg.webp"
      ]
    },
    {
      "id": 11,
      "title": "荣耀20 PRO",
      "categoryId": 1,
      "feature": "4800万全焦段AI四摄 双光学防抖 麒麟980 全网通4G 8GB+128GB 幻夜星河 拍照手机",
      "price": 2499,
      "goodcomment": "95%",
      "poster": "/images/11/poster.jpg",
      "slides": [
        "/images/11/detail_1.jpg",
        "/images/11/detail_2.jpg",
        "/images/11/detail_3.jpg"
      ],
      "desc": [
        "https://img30.360buyimg.com/popWaterMark/jfs/t1/104012/40/5180/115498/5deb2e37Ecb973881/fc43de381716165a.jpg!q70.dpg.webp",
        "https://img30.360buyimg.com/popWaterMark/jfs/t1/100922/14/5007/138741/5deb2e37E4c94aaaa/b95725b97e98ce2b.jpg!q70.dpg.webp",
        "https://img30.360buyimg.com/popWaterMark/jfs/t1/106120/14/5140/83712/5deb2e37E57dc050c/87e3fe59fa29cb43.jpg!q70.dpg.webp",
        "https://img30.360buyimg.com/popWaterMark/jfs/t1/85161/25/5111/118268/5deb3334E7c03be98/8415aff51a1e0170.jpg!q70.dpg.webp",
        "https://img30.360buyimg.com/popWaterMark/jfs/t1/105206/1/5056/29968/5deb2e38Eacc269e4/6f989e3fefb77414.jpg!q70.dpg.webp",
        "https://img30.360buyimg.com/popWaterMark/jfs/t1/70586/24/3113/96547/5d15d172E13482341/5cc2c1e9a6b9db4e.jpg!q70.dpg.webp",
        "https://img30.360buyimg.com/popWaterMark/jfs/t1/66287/20/3150/93814/5d15d172E5f096fdd/58ec46cb1aed67a0.jpg!q70.dpg.webp",
        "https://img30.360buyimg.com/popWaterMark/jfs/t1/90371/22/5031/107603/5deb5255Ebef5c29a/1c74ea5a607c2cce.jpg!q70.dpg.webp",
        "https://img30.360buyimg.com/popWaterMark/jfs/t1/53955/21/3772/123022/5d1855f2Ec9f0d6a2/efc5960d0d560181.jpg!q70.dpg.webp",
        "https://img30.360buyimg.com/popWaterMark/jfs/t1/66881/3/3240/106562/5d18560cE443fd16c/460b99f3b6950a03.jpg!q70.dpg.webp",
        "https://img30.360buyimg.com/popWaterMark/jfs/t1/101349/37/5072/154784/5deb526eEbad1d0ab/c240b44e6ca5a858.jpg!q70.dpg.webp",
        "https://img30.360buyimg.com/popWaterMark/jfs/t1/62857/33/3188/112221/5d15d174Eac6f8f5c/5f250f0411c7945e.jpg!q70.dpg.webp",
        "https://img30.360buyimg.com/popWaterMark/jfs/t1/104828/37/5113/233727/5deb2edeE2dddb7a2/77728110750ceeb8.jpg!q70.dpg.webp",
        "https://img13.360buyimg.com/imgzone/jfs/t1/141711/18/18456/85297/5fd7165fE154a41c5/5c3c9f25861e4fff.jpg!q70.dpg.webp",
        "https://img13.360buyimg.com/imgzone/jfs/t1/150500/16/10717/114857/5fd71660E3d393992/ae673ee629e8d3ea.jpg!q70.dpg.webp",
        "https://img10.360buyimg.com/imgzone/jfs/t1/133289/30/20168/167576/5fd71660Ebfb00de8/7eb8f54d871706cd.jpg!q70.dpg.webp",
        "https://img30.360buyimg.com/imgzone/jfs/t1/139683/5/18243/125301/5fd71660E1f4ba113/62f3f00b694ac4be.jpg!q70.dpg.webp",
        "https://img13.360buyimg.com/imgzone/jfs/t1/155122/36/9802/117299/5fd71660E6b837203/884610da86b55367.jpg!q70.dpg.webp"
      ]
    },
    {
      "id": 12,
      "title": "华为（HUAWEI） nova 5 Pro",
      "categoryId": 2,
      "feature": "超级夜景/AI四摄/麒麟980",
      "price": 2499,
      "goodcomment": "96%",
      "poster": "/images/12/poster.jpg",
      "slides": [
        "/images/12/detail_1.jpg",
        "/images/12/detail_2.jpg",
        "/images/12/detail_3.jpg"
      ],
      "desc": [
        "https://img30.360buyimg.com/popWareDetail/jfs/t1/159756/10/268/110244/5feaa728E5bd7b791/63ac4b6fe4588463.jpg!q70.dpg.webp",
        "https://img10.360buyimg.com/imgzone/jfs/t1/53803/37/8763/205749/5d638240E45c89971/b471e692f1d9c9b2.jpg!q70.dpg.webp",
        "https://img30.360buyimg.com/popWaterMark/jfs/t1/84142/36/2983/205494/5d12da03E97eceff6/3679e086bb781493.jpg!q70.dpg.webp",
        "https://img30.360buyimg.com/popWaterMark/jfs/t1/62885/2/2531/107901/5d0cd14fEaa04cc2a/2a10f5eecf7e30e9.jpg!q70.dpg.webp",
        "https://img10.360buyimg.com/imgzone/jfs/t1/82693/38/2530/76597/5d0cd15bE57ddd641/ec7a85c2618cd463.jpg!q70.dpg.webp",
        "https://img30.360buyimg.com/popWaterMark/jfs/t1/79023/15/2516/79896/5d0cd177E3dad2a4e/cf177b6ed9d56794.jpg!q70.dpg.webp",
        "https://img30.360buyimg.com/popWaterMark/jfs/t1/81717/30/2513/78671/5d0cd17fE3c390212/a509fb9165906861.jpg!q70.dpg.webp",
        "https://img30.360buyimg.com/popWaterMark/jfs/t1/36525/2/11222/74098/5d0cd189Ea891e0a9/9628973000d47907.jpg!q70.dpg.webp",
        "https://img30.360buyimg.com/popWaterMark/jfs/t1/78705/2/2590/83205/5d0cd192E2613fc02/850b0240d79fb959.jpg!q70.dpg.webp",
        "https://img30.360buyimg.com/popWaterMark/jfs/t1/33500/27/14313/86694/5d0cd19bE0e6509b3/a511e6c4bf88ef79.jpg!q70.dpg.webp",
        "https://img30.360buyimg.com/popWaterMark/jfs/t1/36492/32/12959/90887/5d0cd1a6E559eca62/e25ffee7b6f94b69.jpg!q70.dpg.webp",
        "https://img30.360buyimg.com/popWaterMark/jfs/t1/72539/37/2503/213787/5d0cd1aeE293e0de6/8e64550e055ff753.jpg!q70.dpg.webp",
        "https://img30.360buyimg.com/popWaterMark/jfs/t1/59394/26/2569/115264/5d0cd1b8E1035b3f1/a1c5e18578a3d407.jpg!q70.dpg.webp",
        "https://img30.360buyimg.com/popWaterMark/jfs/t1/83909/6/2560/72739/5d0cd1c1E1e7bd9c0/b874136afd19896c.jpg!q70.dpg.webp",
        "https://img30.360buyimg.com/popWaterMark/jfs/t1/71059/34/2539/84447/5d0cd1c9Ec36802f5/fa633d3270e55152.jpg!q70.dpg.webp",
        "https://img30.360buyimg.com/popWaterMark/jfs/t1/62438/29/2649/74017/5d0cd1daE154ec19a/663b609297b7205b.jpg!q70.dpg.webp",
        "https://img30.360buyimg.com/popWaterMark/jfs/t1/60939/20/2576/62438/5d0cd1e6Ed487545d/2f56bd00c59fdd6b.jpg!q70.dpg.webp",
        "https://img30.360buyimg.com/popWaterMark/jfs/t1/67865/4/2642/104869/5d0cd1f2Ee6999b80/9433a0519a466c9d.jpg!q70.dpg.webp",
        "https://img30.360buyimg.com/popWaterMark/jfs/t1/64882/34/2644/122455/5d0cd1fbE9005f185/160dd1136ac31b24.jpg!q70.dpg.webp",
        "https://img30.360buyimg.com/popWaterMark/jfs/t1/66771/9/2543/118696/5d0cd209Eae9fec19/a564a106bb189baf.jpg!q70.dpg.webp",
        "https://img14.360buyimg.com/imgzone/jfs/t1/67860/36/2526/75962/5d0cd223E93a1710a/ad513388add40220.jpg!q70.dpg.webp",
        "https://img30.360buyimg.com/popWaterMark/jfs/t1/71672/12/2518/117016/5d0cd35aE4c177f3a/6b700cce48fd488f.jpg!q70.dpg.webp",
        "https://img30.360buyimg.com/popWaterMark/jfs/t1/54396/36/3022/148949/5d0cd362Eb8354755/c687baa0424fa438.jpg!q70.dpg.webp",
        "https://img30.360buyimg.com/popWaterMark/jfs/t1/48680/16/2988/98979/5d0cd37bE87607e4b/45b2406b1ee951b8.jpg!q70.dpg.webp",
        "https://img30.360buyimg.com/popWaterMark/jfs/t1/76975/8/2553/85832/5d0cd389E51f206b8/b80f75ab8341c3ea.jpg!q70.dpg.webp",
        "https://img30.360buyimg.com/popWaterMark/jfs/t1/81339/33/2520/69309/5d0cd392E3679bb5e/6a7fe261fe189468.jpg!q70.dpg.webp",
        "https://img30.360buyimg.com/popWaterMark/jfs/t1/75148/9/2576/65001/5d0cd3a1E21eb8bfb/9661f88c054f777e.jpg!q70.dpg.webp",
        "https://img10.360buyimg.com/imgzone/jfs/t1/109719/11/16577/258775/5eb377aaEb491d9aa/52daa4c8fbe72073.jpg!q70.dpg.webp"
      ]
    },
    {
      "id": 13,
      "title": "Apple iPhone Xs Max",
      "categoryId": 3,
      "feature": "面容ID 双卡双待",
      "price": 7299,
      "goodcomment": "97%",
      "poster": "/images/13/poster.jpg",
      "slides": [
        "/images/13/detail_1.jpg",
        "/images/13/detail_2.jpg",
        "/images/13/detail_3.jpg"
      ],
      "desc": [
        "https://img14.360buyimg.com/imgzone/jfs/t1/163938/35/4486/172240/60137a34E87e31dae/2e3df8a81884e79e.jpg!q70.dpg.webp",
        "https://img13.360buyimg.com/imgzone/jfs/t1/169166/3/1649/182913/5ff7f649E02565bb1/1dd2683fc3dfd2cc.jpg!q70.dpg.webp",
        "https://img10.360buyimg.com/imgzone/jfs/t1/158691/27/2323/271136/5ff7f649E57a8aef1/09eee0239ec76cf0.jpg!q70.dpg.webp",
        "https://img10.360buyimg.com/imgzone/jfs/t1/158949/23/2375/95462/5ff7f648E2cfe5b6b/145343cf8fe71836.jpg!q70.dpg.webp",
        "https://img14.360buyimg.com/imgzone/jfs/t1/155553/1/4798/160985/5ff7f648Ea9112980/4142c1559d9373d6.jpg!q70.dpg.webp",
        "https://img12.360buyimg.com/imgzone/jfs/t1/161211/27/1699/98938/5ff7f648E362beff8/fe797d54e421c77a.jpg!q70.dpg.webp",
        "https://img12.360buyimg.com/imgzone/jfs/t1/158162/21/2366/86356/5ff7f648E8a6553e6/be06b373d43a3456.jpg!q70.dpg.webp",
        "https://img12.360buyimg.com/imgzone/jfs/t1/156654/6/4983/162743/5ff7f648Ed15ab1a8/bedc8a6c15faf633.jpg!q70.dpg.webp",
        "https://img12.360buyimg.com/imgzone/jfs/t1/155937/34/4866/180442/5ff7f648E41e05ec3/fe4eda84acaa925e.jpg!q70.dpg.webp",
        "https://img13.360buyimg.com/imgzone/jfs/t1/161731/7/1664/113873/5ff7f647Ed18f793e/36cac99e5e4e9636.jpg!q70.dpg.webp",
        "https://img13.360buyimg.com/imgzone/jfs/t1/159466/24/2292/91039/5ff7f647Ebfaf6830/ac271b9d205bfd27.jpg!q70.dpg.webp",
        "https://img13.360buyimg.com/imgzone/jfs/t1/158175/22/2333/151052/5ff7f648E3d6623d1/95b881887527e726.jpg!q70.dpg.webp",
        "https://img14.360buyimg.com/imgzone/jfs/t1/161223/17/1723/163723/5ff7f648Eca7d9b7d/ef65b6f0059c665a.jpg!q70.dpg.webp",
        "https://img13.360buyimg.com/imgzone/jfs/t1/159928/4/2290/126904/5ff7f648E8b84614b/6ba138460bf40d77.jpg!q70.dpg.webp",
        "https://img10.360buyimg.com/imgzone/jfs/t1/156850/24/4902/138091/5ff7f648E23cf6670/72324fd93daa933b.jpg!q70.dpg.webp",
        "https://img12.360buyimg.com/imgzone/jfs/t1/163287/12/1625/142582/5ff7f648E77f7d38f/b8f5c5c5ba5f17f8.jpg!q70.dpg.webp"
      ]
    },
    {
      "id": 14,
      "title": "vivo iQOO Neo 855版",
      "categoryId": 5,
      "feature": "HDR10显示 骁龙855 大存储",
      "price": 2198,
      "goodcomment": "96%",
      "poster": "/images/14/poster.jpg",
      "slides": [
        "/images/14/detail_1.jpg",
        "/images/14/detail_2.jpg",
        "/images/14/detail_3.jpg"
      ],
      "desc": [
        "https://img30.360buyimg.com/popWareDetail/jfs/t1/165473/33/838/111054/5ff2d75eE41b44faf/4b20111f21b5427d.jpg!q70.dpg.webp",
        "https://img30.360buyimg.com/popWareDetail/jfs/t1/168554/7/879/115898/5ff2d75eE2fd713eb/08b1060976f1b2ea.jpg!q70.dpg.webp",
        "https://img30.360buyimg.com/popWareDetail/jfs/t1/164046/28/897/146658/5ff2d75dEff277724/b47ca8b3c9d0120b.jpg!q70.dpg.webp",
        "https://img30.360buyimg.com/popWareDetail/jfs/t1/167990/39/864/136091/5ff2d75eE6eacb79a/7f0b1fa6dfe21b41.jpg!q70.dpg.webp",
        "https://img30.360buyimg.com/popWareDetail/jfs/t1/156246/16/4167/79212/5ff2d75eE288256b3/213422b91810d177.jpg!q70.dpg.webp",
        "https://img30.360buyimg.com/popWareDetail/jfs/t1/169979/34/879/102677/5ff2d75eE9a0cb15e/8bded85fd11dc9fc.jpg!q70.dpg.webp",
        "https://img30.360buyimg.com/popWareDetail/jfs/t1/162172/38/899/151436/5ff2d75eE61d4728a/4db99619f09f78be.jpg!q70.dpg.webp",
        "https://img30.360buyimg.com/popWareDetail/jfs/t1/151038/12/14237/79211/5ff2d75fEc6ef0826/7eaf7b512ef2a533.jpg!q70.dpg.webp",
        "https://img30.360buyimg.com/popWareDetail/jfs/t1/165374/21/875/124572/5ff2d75fE78fc18af/b6d409a6a74910b6.jpg!q70.dpg.webp",
        "https://img30.360buyimg.com/popWareDetail/jfs/t1/158717/6/1632/75948/5ff2d75fE8f4eea08/d82ae9f94c77d5c8.jpg!q70.dpg.webp",
        "https://img30.360buyimg.com/popWareDetail/jfs/t1/157105/40/1628/191829/5ff2d75fEe998deb3/ae40697d3a608db5.jpg!q70.dpg.webp",
        "https://img13.360buyimg.com/imgzone/jfs/t1/169704/20/867/349892/5ff2cb17E38a27f40/549118c754422185.png.webp",
        "https://img13.360buyimg.com/imgzone/jfs/t1/159167/29/1529/427596/5ff2cb17Ec40afc9f/39343ad3cbccf797.png.webp",
        "https://img13.360buyimg.com/imgzone/jfs/t1/164179/13/905/1354637/5ff2cb18E90231f26/12636702e9532c65.png.webp",
        "https://img14.360buyimg.com/imgzone/jfs/t1/157111/3/1588/658678/5ff2cb18Ed4a6e141/70f4b39cd2b505ad.png.webp"
      ]
    },
    {
      "id": 15,
      "title": "华为 HUAWEI 畅享8e青春",
      "categoryId": 2,
      "feature": "2GB+32GB全面屏 黑色 全网通版 移动联通电信4G手机 双卡双待",
      "price": 499,
      "goodcomment": "98%",
      "poster": "/images/15/poster.jpg",
      "slides": [
        "/images/15/detail_1.jpg",
        "/images/15/detail_2.jpg",
        "/images/15/detail_3.jpg"
      ],
      "desc": [
        "https://img30.360buyimg.com/popWareDetail/jfs/t1/166840/27/13814/156318/6056af10Ea0b5a32f/9d87902ac7119ef2.jpg!q70.dpg.webp",
        "https://img30.360buyimg.com/popWareDetail/jfs/t1/166396/31/5078/143273/601a1a0aE29408910/d68e8aa45b09683d.jpg!q70.dpg.webp",
        "https://img30.360buyimg.com/popWareDetail/jfs/t1/164963/29/4884/188245/601a1a0aE02d213cb/13ee76924c90bd4a.jpg!q70.dpg.webp",
        "https://img30.360buyimg.com/popWareDetail/jfs/t1/162984/25/5378/206575/601a1a0aEd2d057bf/c5bdc7443a3f596b.jpg!q70.dpg.webp",
        "https://img30.360buyimg.com/popWareDetail/jfs/t1/164532/9/4867/203047/601a1a0bEf952ff85/2cc94e7f6df05197.jpg!q70.dpg.webp",
        "https://img30.360buyimg.com/popWareDetail/jfs/t1/158744/18/5501/107060/601a1a0bEa1febc01/8a93dd9da3dc4df6.jpg!q70.dpg.webp",
        "https://img30.360buyimg.com/popWareDetail/jfs/t1/168802/33/5437/84207/601a1a0bE65a95bd2/96438a03b1afd72f.jpg!q70.dpg.webp",
        "https://img30.360buyimg.com/popWareDetail/jfs/t1/164652/40/5382/112005/601a1a0bEdce254a1/cfa688ab482e1b59.jpg!q70.dpg.webp",
        "https://img30.360buyimg.com/popWareDetail/jfs/t1/159285/37/5788/164265/601a1a0bE9ee3c630/4befc82f4e975049.jpg!q70.dpg.webp",
        "https://img30.360buyimg.com/popWareDetail/jfs/t1/166597/29/5042/123412/601a1a0bE161f8b30/098df04a8d1cf034.jpg!q70.dpg.webp",
        "https://img30.360buyimg.com/popWareDetail/jfs/t1/152736/34/17863/117414/601a1a0bE70599fe8/d0dc5341facedff0.jpg!q70.dpg.webp"
      ]
    },
    {
      "id": 16,
      "title": "海信(Hisense) 阅读手机A5",
      "categoryId": 6,
      "feature": "5.84英寸护眼水墨屏 墨水屏 电纸书 阅读器 尊享版4GB+64GB(墨玉黑) 全网通4G手机",
      "price": 1499,
      "goodcomment": "95%",
      "poster": "/images/16/poster.jpg",
      "slides": [
        "/images/16/detail_1.jpg",
        "/images/16/detail_2.jpg",
        "/images/16/detail_3.jpg"
      ],
      "desc": [
        "https://img30.360buyimg.com/popWareDetail/jfs/t1/113986/23/4349/100409/5eacdf5bEf3e2abb7/5bdaeb92b137a93d.jpg!q70.dpg.webp",
        "https://img30.360buyimg.com/popWareDetail/jfs/t1/118964/34/4224/102295/5eacdf5bE94de9fe0/d7ff3a93d076d32e.jpg!q70.dpg.webp",
        "https://img30.360buyimg.com/popWareDetail/jfs/t1/108878/15/15439/180063/5eacdf5bE5de658da/b8ccdce2dd530650.jpg!q70.dpg.webp",
        "https://img30.360buyimg.com/popWareDetail/jfs/t1/113338/14/4271/115243/5eacdf5bEc6daff23/45bec0b150453c1b.jpg!q70.dpg.webp",
        "https://img30.360buyimg.com/popWareDetail/jfs/t1/117559/21/4256/49142/5eacdf5bE684e2625/3b71cb9de6468279.jpg!q70.dpg.webp",
        "https://img30.360buyimg.com/popWareDetail/jfs/t1/119561/20/2819/85930/5eacdf5bE519255a7/19883ab16dde3bd6.jpg!q70.dpg.webp",
        "https://img30.360buyimg.com/popWareDetail/jfs/t1/109077/15/15327/85940/5eacdf5bEf3ae839b/dd893b28daa45cb4.jpg!q70.dpg.webp",
        "https://img30.360buyimg.com/popWareDetail/jfs/t1/117210/17/4257/81096/5eacdf5bE93d4b33a/6152e6b55a21ac86.jpg!q70.dpg.webp",
        "https://img30.360buyimg.com/popWareDetail/jfs/t1/111138/38/4240/98707/5eacdf5cE66b2f513/1b125bdbd078379c.jpg!q70.dpg.webp",
        "https://img30.360buyimg.com/popWareDetail/jfs/t1/117087/9/4215/104644/5eacdf5cEa6b0edf3/f077e2ae96389b7d.jpg!q70.dpg.webp",
        "https://img30.360buyimg.com/popWareDetail/jfs/t1/110383/7/15469/72512/5eacdf5cE0afe29f2/af9304a09968fe4b.jpg!q70.dpg.webp",
        "https://img30.360buyimg.com/popWareDetail/jfs/t1/117327/38/4281/75101/5eacdf5cE31bdf4d6/72c1664996fc8020.jpg!q70.dpg.webp",
        "https://img30.360buyimg.com/popWareDetail/jfs/t1/109578/37/15566/74995/5eacdf5cEff302f6b/f9f4d32d81dcd61a.jpg!q70.dpg.webp",
        "https://img30.360buyimg.com/popWareDetail/jfs/t1/118310/2/4192/78394/5eacdf5cE4fb912f6/40b9e93d687c9c65.jpg!q70.dpg.webp",
        "https://img30.360buyimg.com/popWareDetail/jfs/t1/114651/32/4334/107613/5eacdf5dE2246d992/307879b53ad2be70.jpg!q70.dpg.webp",
        "https://img30.360buyimg.com/popWareDetail/jfs/t1/113550/12/4356/100181/5eacdf5dE2294a8ca/b48391d4b39fc9bf.jpg!q70.dpg.webp",
        "https://img30.360buyimg.com/popWareDetail/jfs/t1/116576/28/4192/82132/5eacdf5dE92a24cf3/d144c5205fcfdae7.jpg!q70.dpg.webp",
        "https://img30.360buyimg.com/popWareDetail/jfs/t1/107796/26/15700/118323/5eacdf5dE17a83c55/c0adb92c0391cbab.jpg!q70.dpg.webp",
        "https://img30.360buyimg.com/popWareDetail/jfs/t1/119296/34/4354/96731/5eacdf5dEa28c70f8/595970e88e3c6477.jpg!q70.dpg.webp",
        "https://img30.360buyimg.com/popWareDetail/jfs/t1/114358/22/4251/68346/5eacdf65Ed0b2db11/28e53add3115bb53.jpg!q70.dpg.webp",
        "https://img30.360buyimg.com/popWareDetail/jfs/t1/113818/21/4343/81693/5eacdf65E2db0cf98/dd839a783bdf1d81.jpg!q70.dpg.webp",
        "https://img30.360buyimg.com/popWareDetail/jfs/t1/108495/39/15571/122976/5eacdf65E036d73f1/8cd510dadab47cb1.jpg!q70.dpg.webp",
        "https://img30.360buyimg.com/popWareDetail/jfs/t1/111172/7/4231/42428/5eacdf76E1c44547f/d2b9024f5417d5c0.jpg!q70.dpg.webp",
        "https://img30.360buyimg.com/popWareDetail/jfs/t1/114916/31/4237/26128/5eacdf76E42d487e4/20cf49d9db2dc26d.jpg!q70.dpg.webp",
        "https://img30.360buyimg.com/popWareDetail/jfs/t1/112831/13/4281/89299/5eacdf76E59ee9c97/fcfcc7fe7e5fe3e1.jpg!q70.dpg.webp",
        "https://img30.360buyimg.com/popWareDetail/jfs/t1/115689/6/4261/42468/5eacdf82E49b8bff6/402c3d42d1a247df.jpg!q70.dpg.webp",
        "https://img30.360buyimg.com/popWareDetail/jfs/t1/116371/31/4294/89414/5eacdf82Eb9f3aa46/98391159449a37e8.jpg!q70.dpg.webp",
        "https://img30.360buyimg.com/popWareDetail/jfs/t1/110276/17/15444/26304/5eacdf83Ebef9f999/e4c6e829132d4bff.jpg!q70.dpg.webp",
        "https://img13.360buyimg.com/imgzone/jfs/t1/133594/20/7117/1943240/5f3a3f96E40327679/bb1467060c78703c.jpg!q70.dpg.webp"
      ]
    }
  ]
}